{"stats":{"minecraft:killed":{"minecraft:polar_bear":2},"minecraft:picked_up":{"minecraft:cod":3},"minecraft:used":{"gobber2:gobber2_tree_axe":8},"minecraft:custom":{"minecraft:jump":20,"minecraft:time_since_rest":3975,"minecraft:damage_dealt":600,"minecraft:damage_taken":300,"minecraft:leave_game":3,"minecraft:time_since_death":3948,"minecraft:play_time":5094,"minecraft:sprint_one_cm":4433,"minecraft:walk_one_cm":5410,"minecraft:walk_on_water_one_cm":121,"minecraft:deaths":1,"minecraft:sneak_time":23,"minecraft:total_world_time":5094,"minecraft:mob_kills":2,"minecraft:fly_one_cm":17082}},"DataVersion":3465}