{"stats":{"minecraft:killed_by":{"man:managgresive":1,"aether_redux:vanilla_swet":1,"divinerpg:crab":1,"mutantmonsters:mutant_skeleton":3,"minecraft:skeleton":3,"aether:cockatrice":1,"divinerpg:kobblin":1},"minecraft:killed":{"divinerpg:cyclops":2,"divinerpg:enthralled_dramcryx":1,"divinerpg:cave_crawler":3,"aether:golden_swet":1,"minecraft:spider":1,"divinerpg:the_eye":2,"minecraft:creeper":1,"aether:flying_cow":1,"minecraft:skeleton":4,"divinerpg:miner":1,"minecraft:zombie":1,"divinerpg:rotatick":1},"minecraft:custom":{"minecraft:interact_with_furnace":1,"minecraft:mob_kills":20,"minecraft:interact_with_crafting_table":1,"minecraft:open_barrel":5,"minecraft:interact_with_loom":1,"minecraft:interact_with_grindstone":1,"minecraft:leave_game":11,"minecraft:time_since_death":39413,"minecraft:sleep_in_bed":2,"minecraft:climb_one_cm":65774,"minecraft:time_since_rest":39463,"minecraft:waystone_activated":1,"minecraft:sprint_one_cm":464375,"minecraft:damage_taken":3229,"minecraft:walk_one_cm":307162,"minecraft:drop":22,"minecraft:damage_dealt":5065,"minecraft:swim_one_cm":53523,"minecraft:talked_to_villager":3,"minecraft:fly_one_cm":867053,"minecraft:open_chest":8,"minecraft:crouch_one_cm":6744,"minecraft:play_time":227847,"minecraft:deaths":11,"minecraft:sneak_time":3462,"minecraft:walk_under_water_one_cm":19496,"minecraft:jump":1690,"minecraft:walk_on_water_one_cm":16146,"minecraft:total_world_time":227847,"minecraft:fall_one_cm":28941},"minecraft:mined":{"minecraft:podzol":2,"minecraft:soul_fire":14,"minecraft:torch":5,"deep_aether:aerlavender":7,"biomesoplenty:huge_clover_petal":1,"twigs:tangerine_seashell":1,"deep_aether:tall_aerlavender":2,"biomesoplenty:redwood_log":5},"minecraft:dropped":{"minecraft:moss_carpet":1,"aether:golden_parachute":1,"minecraft:goat_horn":1,"minecraft:stone_sword":1,"alexsmobs:animal_dictionary":1,"minecraft:obsidian":1,"minecraft:oak_planks":2,"divinerpg:dream_flint":1,"minecraft:potato":13,"minecraft:mutton":5,"minecraft:arrow":1,"minecraft:stone_pickaxe":1,"minecraft:stripped_oak_wood":1,"minecraft:string":1,"minecraft:tripwire_hook":3,"farmersdelight:tomato_seeds":2},"minecraft:used":{"minecraft:water_bucket":1,"minecraft:stone_sword":25,"minecraft:flint_and_steel":3,"minecraft:stone_pickaxe":2,"minecraft:oak_planks":1,"man:manfromthefog_spawn_egg":8,"minecraft:torch":81,"minecraft:mutton":21,"minecraft:crafting_table":3,"minecraft:crossbow":10,"blue_skies:artificial_golem_spawn_egg":1,"jeg:grenade":3,"minecraft:obsidian":14,"minecraft:apple":4,"minecraft:villager_spawn_egg":3,"aether:flaming_sword":68,"mutantmonsters:mutant_snow_golem_spawn_egg":1,"bunker_down:airlock_iron_door":1,"minecraft:glowstone":25,"minecraft:cobblestone":1,"minecraft:goat_horn":2,"minecraft:furnace":1,"alexsmobs:animal_dictionary":1,"twigs:pebble":3,"cgm:mini_gun":5},"minecraft:picked_up":{"biomesoplenty:redwood_log":5,"bunker_down:ceiling_lamp":1,"minecraft:golden_pickaxe":1,"deep_aether:aerlavender":7,"deep_aether:tall_aerlavender":4,"divinerpg:corrupted_shards":5,"divinerpg:rupee_ingot":2,"minecraft:gunpowder":4,"minecraft:dirt":2,"minecraft:string":3,"jeg:grenade":1,"blue_skies:glowing_blinding_stone":1,"minecraft:bone":3,"minecraft:bow":1,"minecraft:gold_nugget":6,"twigs:pebble":3,"minecraft:iron_ingot":6,"minecraft:beef":3,"minecraft:stone_pickaxe":1,"minecraft:cobweb":5,"aether:cold_aercloud":1,"minecraft:stripped_oak_wood":1,"minecraft:oak_planks":2,"divinerpg:realmite_ingot":3,"divinerpg:dream_flint":1,"minecraft:quartz":1,"minecraft:torch":43,"divinerpg:cyclops_eye_shards":1,"divinerpg:terran_shards":2,"ad_astra:moon_sand":2,"minecraft:redstone":1,"alexsmobs:animal_dictionary":1,"minecraft:stone_sword":1,"minecraft:arrow":1,"minecraft:rotten_flesh":1,"minecraft:diamond":5,"minecraft:gold_ingot":1,"supplementaries:ash":4,"minecraft:obsidian":1,"twigs:tangerine_seashell":1,"aether_redux:golden_swet_ball":3}},"DataVersion":3465}