{"stats":{"minecraft:custom":{"minecraft:jump":21,"minecraft:time_since_rest":4342,"minecraft:damage_dealt":1016,"minecraft:damage_taken":300,"minecraft:leave_game":4,"minecraft:play_time":5461,"minecraft:time_since_death":4315,"minecraft:sprint_one_cm":6702,"minecraft:walk_one_cm":6222,"minecraft:walk_on_water_one_cm":121,"minecraft:deaths":1,"minecraft:sneak_time":23,"minecraft:total_world_time":5461,"minecraft:mob_kills":2,"minecraft:drop":1,"minecraft:fly_one_cm":17518},"minecraft:dropped":{"gobber2:gobber2_tree_axe":1},"minecraft:killed":{"minecraft:polar_bear":2},"minecraft:picked_up":{"gobber2:gobber2_tree_axe":1,"minecraft:cod":3},"minecraft:used":{"gobber2:gobber2_tree_axe":13}},"DataVersion":3465}