{"stats":{"minecraft:picked_up":{"divinerpg:dream_flint":1,"twigs:pebble":3,"minecraft:dirt":2,"minecraft:obsidian":1,"minecraft:oak_planks":2,"alexsmobs:animal_dictionary":1},"minecraft:custom":{"minecraft:time_since_rest":61452,"minecraft:crouch_one_cm":768,"minecraft:play_time":71539,"minecraft:sprint_one_cm":58687,"minecraft:deaths":2,"minecraft:damage_taken":510,"minecraft:walk_one_cm":24330,"minecraft:sneak_time":273,"minecraft:walk_under_water_one_cm":426,"minecraft:drop":6,"minecraft:jump":166,"minecraft:leave_game":7,"minecraft:walk_on_water_one_cm":67,"minecraft:time_since_death":61093,"minecraft:total_world_time":71539,"minecraft:swim_one_cm":812,"minecraft:interact_with_crafting_table":1,"minecraft:fall_one_cm":5257,"minecraft:fly_one_cm":55991},"minecraft:dropped":{"minecraft:moss_carpet":1,"minecraft:oak_planks":2,"alexsmobs:animal_dictionary":1,"divinerpg:dream_flint":1,"minecraft:obsidian":1},"minecraft:mined":{"minecraft:podzol":2},"minecraft:killed_by":{"divinerpg:kobblin":1,"divinerpg:crab":1},"minecraft:used":{"minecraft:water_bucket":1,"minecraft:glowstone":23,"minecraft:flint_and_steel":3,"minecraft:oak_planks":1,"alexsmobs:animal_dictionary":1,"twigs:pebble":3,"minecraft:obsidian":14}},"DataVersion":3465}