{"stats":{"minecraft:used":{"gobber2:gobber2_tree_axe":8},"minecraft:custom":{"minecraft:jump":20,"minecraft:time_since_rest":2999,"minecraft:walk_on_water_one_cm":121,"minecraft:damage_dealt":600,"minecraft:walk_one_cm":5410,"minecraft:leave_game":2,"minecraft:play_time":4118,"minecraft:sprint_one_cm":4433,"minecraft:damage_taken":300,"minecraft:time_since_death":2972,"minecraft:deaths":1,"minecraft:sneak_time":23,"minecraft:total_world_time":4118,"minecraft:mob_kills":2,"minecraft:fly_one_cm":17082},"minecraft:picked_up":{"minecraft:cod":3},"minecraft:killed":{"minecraft:polar_bear":2}},"DataVersion":3465}