{"stats":{"minecraft:used":{"minecraft:sand":3,"minecraft:beef":3,"minecraft:poppy":2,"minecraft:potato":3},"minecraft:picked_up":{"minecraft:bone":1,"minecraft:arrow":2,"minecraft:dandelion":3,"minecraft:potato":1,"minecraft:beef":3,"minecraft:porkchop":5,"minecraft:sand":3,"minecraft:poppy":4,"minecraft:string":2},"minecraft:mined":{"minecraft:short_grass":4,"minecraft:poppy":4,"minecraft:sand":4,"minecraft:ice":1,"minecraft:dandelion":3},"minecraft:killed":{"minecraft:pig":2},"minecraft:killed_by":{"minecraft:stray":1},"minecraft:dropped":{"minecraft:potato":1},"minecraft:custom":{"minecraft:open_chest":4,"minecraft:time_since_rest":26683,"minecraft:damage_taken":680,"minecraft:crouch_one_cm":5537,"minecraft:play_time":43281,"minecraft:walk_one_cm":23383,"minecraft:sprint_one_cm":128491,"minecraft:deaths":3,"minecraft:sneak_time":1600,"minecraft:walk_under_water_one_cm":4543,"minecraft:mob_kills":3,"minecraft:drop":1,"minecraft:jump":517,"minecraft:damage_dealt":449,"minecraft:leave_game":3,"minecraft:time_since_death":26604,"minecraft:walk_on_water_one_cm":1687,"minecraft:total_world_time":43281,"minecraft:interact_with_smoker":1,"minecraft:swim_one_cm":6098,"minecraft:fall_one_cm":9501,"minecraft:fly_one_cm":199110}},"DataVersion":3839}