{"stats":{"minecraft:custom":{"minecraft:interact_with_furnace":7,"minecraft:mob_kills":4,"minecraft:interact_with_crafting_table":15,"minecraft:open_barrel":7,"minecraft:interact_with_grindstone":1,"minecraft:leave_game":2,"minecraft:time_since_death":18061,"minecraft:sleep_in_bed":1,"minecraft:climb_one_cm":6934,"minecraft:time_since_rest":16037,"minecraft:sprint_one_cm":82004,"minecraft:damage_taken":3375,"minecraft:walk_one_cm":152777,"minecraft:drop":3,"minecraft:damage_dealt":1517,"minecraft:swim_one_cm":5627,"minecraft:fly_one_cm":202636,"minecraft:open_chest":4,"minecraft:crouch_one_cm":2399,"minecraft:play_time":65891,"minecraft:deaths":10,"minecraft:sneak_time":1034,"minecraft:walk_under_water_one_cm":23069,"minecraft:jump":1033,"minecraft:walk_on_water_one_cm":18976,"minecraft:total_world_time":65891,"minecraft:fall_one_cm":30984},"minecraft:picked_up":{"biomesoplenty:redwood_log":7,"minecraft:crafting_table":3,"minecraft:andesite":14,"aether:aether_dirt":4,"minecraft:oak_log":4,"jeg:scrap":11,"minecraft:dirt":13,"minecraft:string":1,"minecraft:raw_copper":3,"minecraft:wheat_seeds":2,"delightful:mini_melon":1,"aether:holystone":15,"delightful:acorn":3,"minecraft:beef":6,"twigs:schist":10,"biomesoplenty:redwood_wood":13,"twigs:twig":2,"delightful:green_tea_leaf":1,"jeg:tech_trash":1,"minecraft:furnace":1,"minecraft:stick":2,"minecraft:sandstone":5,"minecraft:oak_fence":1,"minecraft:torch":2,"divinerpg:cyclops_eye_shards":1,"minecraft:sand":8,"minecraft:stripped_spruce_log":1,"minecraft:diorite":6,"minecraft:barrel":3,"minecraft:arrow":4,"minecraft:rotten_flesh":2,"aether:ambrosium_shard":3,"minecraft:granite":11,"biomesoplenty:redwood_sapling":1,"alexsmobs:maggot":1,"minecraft:oak_sapling":2,"minecraft:dark_oak_fence":6,"minecraft:coal":30,"minecraft:cobblestone":112},"minecraft:mined":{"biomesoplenty:watergrass":3,"jeg:scrap_ore":5,"aether:holystone":12,"minecraft:oak_fence":1,"minecraft:crafting_table":3,"minecraft:granite":11,"minecraft:dark_oak_fence":6,"biomesoplenty:bush":8,"minecraft:grass_block":6,"minecraft:copper_ore":1,"minecraft:tall_grass":1,"minecraft:cobblestone":1,"minecraft:diorite":6,"minecraft:sandstone":5,"minecraft:tall_seagrass":2,"minecraft:furnace":1,"minecraft:barrel":3,"minecraft:andesite":14,"minecraft:stripped_spruce_log":1,"aether:aether_grass_block":4,"minecraft:grass":13,"minecraft:oak_log":4,"biomesoplenty:redwood_log":7,"minecraft:coal_ore":30,"delightful:mini_melon":1,"twigs:schist":10,"minecraft:sand":8,"minecraft:dirt":11,"aether:ambrosium_ore":3,"minecraft:stone":115,"biomesoplenty:redwood_wood":13,"minecraft:oak_leaves":6,"minecraft:fern":4},"minecraft:killed_by":{"minecraft:zombie":1,"minecraft:pillager":1,"divinerpg:kobblin":8},"minecraft:crafted":{"minecraft:cooked_beef":6,"minecraft:oak_planks":16,"minecraft:crafting_table":2,"biomesoplenty:redwood_planks":28,"minecraft:wooden_pickaxe":2,"minecraft:furnace":1,"minecraft:stone_axe":1,"minecraft:air":0,"minecraft:stick":32,"minecraft:stone_pickaxe":2,"minecraft:wooden_axe":1,"minecraft:stone_sword":1,"minecraft:torch":28},"minecraft:killed":{"divinerpg:cyclops":2,"minecraft:pillager":1,"alexsmobs:bison":1},"minecraft:used":{"minecraft:stone_sword":25,"minecraft:stone_pickaxe":178,"minecraft:wooden_pickaxe":48,"minecraft:torch":17,"minecraft:dirt":3,"minecraft:crafting_table":4,"minecraft:wooden_axe":19,"minecraft:bread":4,"minecraft:golden_helmet":1,"minecraft:stone_axe":12,"minecraft:cobblestone":16,"aether:golden_parachute":16,"minecraft:oak_sapling":2,"minecraft:goat_horn":3,"minecraft:furnace":1,"minecraft:cooked_beef":4},"minecraft:dropped":{"minecraft:wheat_seeds":1,"delightful:mini_melon":1,"minecraft:dark_oak_fence":6},"minecraft:broken":{"minecraft:stone_pickaxe":1}},"DataVersion":3465}