{"stats":{"minecraft:dropped":{"minecraft:enchanted_golden_apple":3,"minecraft:stick":1,"minecraft:potato":13,"blue_skies:glowing_blinding_stone":2,"deep_aether:aerlavender":3,"supplementaries:ash":1},"minecraft:mined":{"minecraft:grass_block":2,"minecraft:jungle_planks":2,"aether_redux:short_aether_grass":1,"deep_aether:aerlavender":7,"biomesoplenty:huge_clover_petal":2,"minecraft:hay_block":1,"minecraft:fire":4,"aether:aether_grass_block":2,"deep_aether:tall_aerlavender":7,"minecraft:grass":9,"biomesoplenty:clover":2,"supplementaries:stick":1,"biomesoplenty:redwood_leaves":8,"minecraft:dirt":5,"biomesoplenty:redwood_wood":2},"minecraft:crafted":{"minecraft:wooden_sword":1,"minecraft:crafting_table":1,"biomesoplenty:redwood_planks":8,"minecraft:stick":4},"minecraft:custom":{"minecraft:mob_kills":12,"minecraft:interact_with_crafting_table":1,"minecraft:leave_game":5,"minecraft:time_since_death":37155,"minecraft:sleep_in_bed":1,"minecraft:damage_resisted":1022,"minecraft:climb_one_cm":10549,"minecraft:waystone_activated":1,"minecraft:time_since_rest":36988,"minecraft:walk_one_cm":111089,"minecraft:damage_taken":2393,"minecraft:sprint_one_cm":112033,"minecraft:damage_absorbed":2764,"minecraft:drop":11,"minecraft:damage_dealt":3371,"minecraft:swim_one_cm":22990,"minecraft:fly_one_cm":317446,"minecraft:open_chest":8,"minecraft:crouch_one_cm":4441,"minecraft:play_time":71751,"minecraft:deaths":3,"minecraft:sneak_time":1942,"minecraft:walk_under_water_one_cm":9046,"minecraft:jump":1061,"minecraft:walk_on_water_one_cm":5351,"minecraft:total_world_time":71751,"minecraft:fall_one_cm":27367},"minecraft:used":{"biomesoplenty:redwood_sapling":2,"bunker_down:ceiling_lamp":1,"gobber2:gobber2_boots_dragon":1,"gobber2:gobber2_leggings_dragon":1,"minecraft:stick":1,"man:manfromthefog_spawn_egg":28,"minecraft:dirt":6,"minecraft:mutton":12,"minecraft:crafting_table":1,"gobber2:gobber2_helmet_dragon":1,"delightful:mini_melon":4,"alexsmobs:maggot":2,"minecraft:diamond_pickaxe":26,"minecraft:wooden_sword":13,"minecraft:beef":1,"gobber2:gobber2_chestplate_dragon":1,"aether:golden_parachute":5,"minecraft:goat_horn":2,"minecraft:enchanted_golden_apple":26},"minecraft:killed_by":{"mutantmonsters:mutant_skeleton":1},"minecraft:killed":{"divinerpg:cyclops":2,"aether:sheepuff":1,"man:manfromthefog":1,"aether:flying_cow":1,"minecraft:sheep":5,"divinerpg:kobblin":1},"minecraft:picked_up":{"aether:aether_dirt":2,"minecraft:leather":2,"deep_aether:aerlavender":7,"minecraft:potato":13,"deep_aether:tall_aerlavender":4,"minecraft:dirt":7,"minecraft:bone":1,"blue_skies:glowing_blinding_stone":2,"delightful:mini_melon":1,"minecraft:beef":1,"minecraft:enchanted_golden_apple":3,"biomesoplenty:redwood_wood":2,"minecraft:stick":2,"aether:golden_parachute":1,"minecraft:jungle_planks":2,"minecraft:goat_horn":1,"minecraft:arrow":1,"minecraft:hay_block":1,"biomesoplenty:redwood_sapling":2,"alexsmobs:maggot":2,"supplementaries:ash":1,"minecraft:mutton":12,"minecraft:white_wool":6}},"DataVersion":3465}